{
  "project_info": {
    "project_number": "781866785159",
    "firebase_url": "https://teambuilderlive.firebaseio.com",
    "project_id": "teambuilderlive",
    "storage_bucket": "teambuilderlive.appspot.com"
  },
  "client": [
    {
      "client_info": {
        "mobilesdk_app_id": "1:781866785159:android:8caa1dc030ff16be23db22",
        "android_client_info": {
          "package_name": "com.sleepydev.teambuilder"
        }
      },
      "oauth_client": [
        {
          "client_id": "781866785159-l370v3d0brfavunjh2r9a173tivaedks.apps.googleusercontent.com",
          "client_type": 3
        }
      ],
      "api_key": [
        {
          "current_key": "AIzaSyAINZq6Seggv3wQ-f1nEaAJGi3dwqQfhss"
        }
      ],
      "services": {
        "appinvite_service": {
          "other_platform_oauth_client": [
            {
              "client_id": "781866785159-l370v3d0brfavunjh2r9a173tivaedks.apps.googleusercontent.com",
              "client_type": 3
            }
          ]
        }
      }
    }
  ],
  "configuration_version": "1"
}